Object_Name,Poll_Time,Owner_Array_Name,Current_Owner,Utilization,Utilization-Optimal,Utilization-Nonoptimal,Queue_Length,Queue_Length-Optimal,Queue_Length-Nonoptimal,Response_Time_ms,Response_Time-Optimal_ms,Response_Time-Nonoptimal_ms,Total_Bandwidth_MBs,Total_Bandwidth-Optimal_MBs,Total_Bandwidth-Nonoptimal_MBs,Total_Throughput_IOs,Total_Throughput-Optimal_IOs,Total_Throughput-Nonoptimal_IOs,Read_Bandwidth_MBs,Read_Bandwidth-Optimal_MBs,Read_Bandwidth-Nonoptimal_MBs,Read_Size_KB,Read_Size-Optimal_KB,Read_Size-Nonoptimal_KB,Read_Throughput_IOs,Read_Throughput-Optimal_IOs,Read_Throughput-Nonoptimal_IOs,Write_Bandwidth_MBs,Write_Bandwidth-Optimal_MBs,Write_Bandwidth-Nonoptimal_MBs,Write_Size_KB,Write_Size-Optimal_KB,Write_Size-Nonoptimal_KB,Write_Throughput_IOs,Write_Throughput-Optimal_IOs,Write_Throughput-Nonoptimal_IOs,Full_Stripe_Writess,Prefetch_Bandwidth_MBs,Used_Prefetches,SP_Cache_Read_Hitss,SP_Cache_Read_Missess,SP_Cache_Reads_From_WCs,SP_Cache_Reads_From_RCs,SP_Cache_Read_Hit_Ratio,SP_Cache_Write_Hitss,SP_Cache_Write_Missess,SP_Cache_Write_Rehitss,SP_Cache_Write_Hit_Ratio,SP_Cache_Write_Rehit_Ratio,SP_Cache_Forced_Flushess,Disk_Crossings,Average_Busy_Queue_Length,Average_Busy_Queue_Length-Optimal,Average_Busy_Queue_Length-Nonoptimal,Disk_Crossingss,Service_Time_ms,Service_Time-Optimal_ms,Service_Time-Nonoptimal_ms,LUN_Read_Crossingss,LUN_Write_Crossingss,Average_Seek_Distance_GB,SP_Cache_Dirty_Pages,SP_Cache_Flush_Ratio,SP_Cache_MBs_Flushed_MBs,SP_Cache_High_Water_Flush_On,SP_Cache_Idle_Flush_On,SP_Cache_Low_Water_Flush_Off,SP_Write_Cache_Flushess,Reads_From_Snapshot_Cache,Reads_From_Snapshot_Copy_LUN,Reads_From_Snapshot_Source_LUN,Writes_To_Snapshot_Source_LUN,Writes_To_Snapshot_Cache,Writes_Larger_Than_Snapshot_Cache_Chunk_Size,Chunks_Used_In_SnapShot_Copy_Session,Read_512B,Read_1KB,Read_2KB,Read_4KB,Read_8KB,Read_16KB,Read_32KB,Read_64KB,Read_128KB,Read_256KB,Read_512KB,Write_512B,Write_1KB,Write_2KB,Write_4KB,Write_8KB,Write_16KB,Write_32KB,Write_64KB,Write_128KB,Write_256KB,Write_512KB,Total_512B,Total_1KB,Total_2KB,Total_4KB,Total_8KB,Total_16KB,Total_32KB,Total_64KB,Total_128KB,Total_256KB,Total_512KB,Average_Transfer_Size_KB,Time_Lag_min,Data_Lag_MB,Queue_Full_Count,Cycle_Count,Average_Cycle_Time_min,Explicit_Trespass_Count,Explicit_Trespass_Count-Optimal,Explicit_Trespass_Count-Nonoptimal,Implicit_Trespass_Count,Implicit_Trespass_Count-Optimal,Implicit_Trespass_Count-Nonoptimal,FAST_Cache_Read_Hitss,FAST_Cache_Read_Missess,FAST_Cache_Read_Hit_Ratio,FAST_Cache_Write_Hitss,FAST_Cache_Write_Missess,FAST_Cache_Write_Hit_Ratio,FAST_Cache_Dirty_Pages,FAST_Cache_MBs_Flushed_MBs
VMware-Data-Lun11 [11; vmhost11.SMK.DK - naa.600601600f213300defe98a3a052e311; vmhost10.SMK.DK - naa.600601600f213300defe98a3a052e311; vmhost12.SMK.DK - naa.600601600f213300defe98a3a052e311],04/15/2015 15:02:53,emc-ctl-0,A,78.049297,78.049297,0.000000,7.616648,7.616648,0.000000,51.354126,51.354126,0.000000,2.915214,2.915214,0.000000,148.316188,148.316188,0.000000,0.475454,0.475454,0.000000,34.851283,34.851283,0.000000,13.969775,13.969775,0.000000,2.439760,2.439760,0.000000,18.596064,18.596064,0.000000,134.346413,134.346413,0.000000,,,,,,,,,,,,,,,,9.758766,9.758766,0.000000,,5.262359,5.262359,0.000000,,,,,,,,,,,,,,,,,,,,,,,,,,,,,,,,,,,,,,,,,,,,,,,,,,,,,,,,,0,0,0,0,0,0,,,,,,,,
VMware-Data-Lun11 [11; vmhost11.SMK.DK - naa.600601600f213300defe98a3a052e311; vmhost10.SMK.DK - naa.600601600f213300defe98a3a052e311; vmhost12.SMK.DK - naa.600601600f213300defe98a3a052e311],04/15/2015 15:07:53,emc-ctl-0,A,79.606841,79.606841,0.000000,8.171203,8.171203,0.000000,48.884598,48.884598,0.000000,2.389517,2.389517,0.000000,167.152919,167.152919,0.000000,0.865301,0.865301,0.000000,22.066631,22.066631,0.000000,40.154221,40.154221,0.000000,1.524216,1.524216,0.000000,12.289867,12.289867,0.000000,126.998698,126.998698,0.000000,,,,,,,,,,,,,,,,10.264449,10.264449,0.000000,,4.762516,4.762516,0.000000,,,,,,,,,,,,,,,,,,,,,,,,,,,,,,,,,,,,,,,,,,,,,,,,,,,,,,,,,0,0,0,0,0,0,,,,,,,,
VMware-Data-Lun11 [11; vmhost11.SMK.DK - naa.600601600f213300defe98a3a052e311; vmhost10.SMK.DK - naa.600601600f213300defe98a3a052e311; vmhost12.SMK.DK - naa.600601600f213300defe98a3a052e311],04/15/2015 15:12:53,emc-ctl-0,A,80.586262,80.586262,0.000000,8.423305,8.423305,0.000000,57.036726,57.036726,0.000000,1.875865,1.875865,0.000000,147.682119,147.682119,0.000000,0.164505,0.164505,0.000000,18.346684,18.346684,0.000000,9.181670,9.181670,0.000000,1.711360,1.711360,0.000000,12.652903,12.652903,0.000000,138.500449,138.500449,0.000000,,,,,,,,,,,,,,,,10.452532,10.452532,0.000000,,5.456738,5.456738,0.000000,,,,,,,,,,,,,,,,,,,,,,,,,,,,,,,,,,,,,,,,,,,,,,,,,,,,,,,,,0,0,0,0,0,0,,,,,,,,
VMware-Data-Lun11 [11; vmhost11.SMK.DK - naa.600601600f213300defe98a3a052e311; vmhost10.SMK.DK - naa.600601600f213300defe98a3a052e311; vmhost12.SMK.DK - naa.600601600f213300defe98a3a052e311],04/15/2015 15:17:53,emc-ctl-0,A,80.298039,80.298039,0.000000,8.024084,8.024084,0.000000,54.232356,54.232356,0.000000,2.030845,2.030845,0.000000,147.957508,147.957508,0.000000,0.204050,0.204050,0.000000,18.957738,18.957738,0.000000,11.021749,11.021749,0.000000,1.826795,1.826795,0.000000,13.660695,13.660695,0.000000,136.935759,136.935759,0.000000,,,,,,,,,,,,,,,,9.992877,9.992877,0.000000,,5.427101,5.427101,0.000000,,,,,,,,,,,,,,,,,,,,,,,,,,,,,,,,,,,,,,,,,,,,,,,,,,,,,,,,,0,0,0,0,0,0,,,,,,,,
VMware-Data-Lun11 [11; vmhost11.SMK.DK - naa.600601600f213300defe98a3a052e311; vmhost10.SMK.DK - naa.600601600f213300defe98a3a052e311; vmhost12.SMK.DK - naa.600601600f213300defe98a3a052e311],04/15/2015 15:22:53,emc-ctl-0,A,82.506905,82.506905,0.000000,7.515054,7.515054,0.000000,50.617109,50.617109,0.000000,2.079674,2.079674,0.000000,148.468660,148.468660,0.000000,0.282734,0.282734,0.000000,27.386221,27.386221,0.000000,10.571722,10.571722,0.000000,1.796940,1.796940,0.000000,13.343785,13.343785,0.000000,137.896937,137.896937,0.000000,,,,,,,,,,,,,,,,9.108394,9.108394,0.000000,,5.557193,5.557193,0.000000,,,,,,,,,,,,,,,,,,,,,,,,,,,,,,,,,,,,,,,,,,,,,,,,,,,,,,,,,0,0,0,0,0,0,,,,,,,,
VMware-Data-Lun11 [11; vmhost11.SMK.DK - naa.600601600f213300defe98a3a052e311; vmhost10.SMK.DK - naa.600601600f213300defe98a3a052e311; vmhost12.SMK.DK - naa.600601600f213300defe98a3a052e311],04/15/2015 15:27:53,emc-ctl-0,A,79.280921,79.280921,0.000000,7.833172,7.833172,0.000000,54.546586,54.546586,0.000000,2.474974,2.474974,0.000000,143.605176,143.605176,0.000000,0.198370,0.198370,0.000000,17.624166,17.624166,0.000000,11.525730,11.525730,0.000000,2.276603,2.276603,0.000000,17.650300,17.650300,0.000000,132.079446,132.079446,0.000000,,,,,,,,,,,,,,,,9.880274,9.880274,0.000000,,5.520757,5.520757,0.000000,,,,,,,,,,,,,,,,,,,,,,,,,,,,,,,,,,,,,,,,,,,,,,,,,,,,,,,,,0,0,0,0,0,0,,,,,,,,
VMware-Data-Lun11 [11; vmhost11.SMK.DK - naa.600601600f213300defe98a3a052e311; vmhost10.SMK.DK - naa.600601600f213300defe98a3a052e311; vmhost12.SMK.DK - naa.600601600f213300defe98a3a052e311],04/15/2015 15:32:53,emc-ctl-0,A,76.359913,76.359913,0.000000,7.848855,7.848855,0.000000,58.370051,58.370051,0.000000,2.068155,2.068155,0.000000,134.467165,134.467165,0.000000,0.149306,0.149306,0.000000,27.175827,27.175827,0.000000,5.625935,5.625935,0.000000,1.918849,1.918849,0.000000,15.250561,15.250561,0.000000,128.841230,128.841230,0.000000,,,,,,,,,,,,,,,,10.278764,10.278764,0.000000,,5.678703,5.678703,0.000000,,,,,,,,,,,,,,,,,,,,,,,,,,,,,,,,,,,,,,,,,,,,,,,,,,,,,,,,,0,0,0,0,0,0,,,,,,,,
VMware-Data-Lun11 [11; vmhost11.SMK.DK - naa.600601600f213300defe98a3a052e311; vmhost10.SMK.DK - naa.600601600f213300defe98a3a052e311; vmhost12.SMK.DK - naa.600601600f213300defe98a3a052e311],04/15/2015 15:37:53,emc-ctl-0,A,76.218181,76.218181,0.000000,8.051732,8.051732,0.000000,62.231828,62.231828,0.000000,1.656873,1.656873,0.000000,129.382866,129.382866,0.000000,0.084873,0.084873,0.000000,12.868959,12.868959,0.000000,6.753483,6.753483,0.000000,1.572000,1.572000,0.000000,13.126773,13.126773,0.000000,122.629383,122.629383,0.000000,,,,,,,,,,,,,,,,10.564057,10.564057,0.000000,,5.890902,5.890902,0.000000,,,,,,,,,,,,,,,,,,,,,,,,,,,,,,,,,,,,,,,,,,,,,,,,,,,,,,,,,0,0,0,0,0,0,,,,,,,,
VMware-Data-Lun11 [11; vmhost11.SMK.DK - naa.600601600f213300defe98a3a052e311; vmhost10.SMK.DK - naa.600601600f213300defe98a3a052e311; vmhost12.SMK.DK - naa.600601600f213300defe98a3a052e311],04/15/2015 15:42:53,emc-ctl-0,A,75.520532,75.520532,0.000000,8.312651,8.312651,0.000000,58.612974,58.612974,0.000000,1.835351,1.835351,0.000000,141.822709,141.822709,0.000000,0.142419,0.142419,0.000000,10.065536,10.065536,0.000000,14.488712,14.488712,0.000000,1.692932,1.692932,0.000000,13.614294,13.614294,0.000000,127.333997,127.333997,0.000000,,,,,,,,,,,,,,,,11.007140,11.007140,0.000000,,5.324996,5.324996,0.000000,,,,,,,,,,,,,,,,,,,,,,,,,,,,,,,,,,,,,,,,,,,,,,,,,,,,,,,,,0,0,0,0,0,0,,,,,,,,
VMware-Data-Lun11 [11; vmhost11.SMK.DK - naa.600601600f213300defe98a3a052e311; vmhost10.SMK.DK - naa.600601600f213300defe98a3a052e311; vmhost12.SMK.DK - naa.600601600f213300defe98a3a052e311],04/15/2015 15:47:53,emc-ctl-0,A,75.391604,75.391604,0.000000,8.344896,8.344896,0.000000,66.543662,66.543662,0.000000,1.494302,1.494302,0.000000,125.404815,125.404815,0.000000,0.085796,0.085796,0.000000,18.048639,18.048639,0.000000,4.867711,4.867711,0.000000,1.408505,1.408505,0.000000,11.965688,11.965688,0.000000,120.537104,120.537104,0.000000,,,,,,,,,,,,,,,,11.068733,11.068733,0.000000,,6.011859,6.011859,0.000000,,,,,,,,,,,,,,,,,,,,,,,,,,,,,,,,,,,,,,,,,,,,,,,,,,,,,,,,,0,0,0,0,0,0,,,,,,,,
VMware-Data-Lun11 [11; vmhost11.SMK.DK - naa.600601600f213300defe98a3a052e311; vmhost10.SMK.DK - naa.600601600f213300defe98a3a052e311; vmhost12.SMK.DK - naa.600601600f213300defe98a3a052e311],04/15/2015 15:52:53,emc-ctl-0,A,75.781649,75.781649,0.000000,8.325286,8.325286,0.000000,63.235609,63.235609,0.000000,2.421894,2.421894,0.000000,131.655037,131.655037,0.000000,0.241491,0.241491,0.000000,43.721960,43.721960,0.000000,5.655905,5.655905,0.000000,2.180402,2.180402,0.000000,17.720216,17.720216,0.000000,125.999132,125.999132,0.000000,,,,,,,,,,,,,,,,10.985887,10.985887,0.000000,,5.756077,5.756077,0.000000,,,,,,,,,,,,,,,,,,,,,,,,,,,,,,,,,,,,,,,,,,,,,,,,,,,,,,,,,0,0,0,0,0,0,,,,,,,,
VMware-Data-Lun11 [11; vmhost11.SMK.DK - naa.600601600f213300defe98a3a052e311; vmhost10.SMK.DK - naa.600601600f213300defe98a3a052e311; vmhost12.SMK.DK - naa.600601600f213300defe98a3a052e311],04/15/2015 15:57:53,emc-ctl-0,A,83.641382,83.641382,0.000000,9.083605,9.083605,0.000000,55.775243,55.775243,0.000000,3.006741,3.006741,0.000000,162.860870,162.860870,0.000000,0.835839,0.835839,0.000000,24.311479,24.311479,0.000000,35.205567,35.205567,0.000000,2.170902,2.170902,0.000000,17.414112,17.414112,0.000000,127.655304,127.655304,0.000000,,,,,,,,,,,,,,,,10.860180,10.860180,0.000000,,5.135757,5.135757,0.000000,,,,,,,,,,,,,,,,,,,,,,,,,,,,,,,,,,,,,,,,,,,,,,,,,,,,,,,,,0,0,0,0,0,0,,,,,,,,
VMware-Data-Lun11 [11; vmhost11.SMK.DK - naa.600601600f213300defe98a3a052e311; vmhost10.SMK.DK - naa.600601600f213300defe98a3a052e311; vmhost12.SMK.DK - naa.600601600f213300defe98a3a052e311],04/15/2015 16:02:53,emc-ctl-0,A,72.302707,72.302707,0.000000,7.376772,7.376772,0.000000,51.624451,51.624451,0.000000,2.267959,2.267959,0.000000,142.892993,142.892993,0.000000,0.336587,0.336587,0.000000,27.519770,27.519770,0.000000,12.524259,12.524259,0.000000,1.931372,1.931372,0.000000,15.170243,15.170243,0.000000,130.368735,130.368735,0.000000,,,,,,,,,,,,,,,,10.202623,10.202623,0.000000,,5.059920,5.059920,0.000000,,,,,,,,,,,,,,,,,,,,,,,,,,,,,,,,,,,,,,,,,,,,,,,,,,,,,,,,,0,0,0,0,0,0,,,,,,,,
VMware-Data-Lun11 [11; vmhost11.SMK.DK - naa.600601600f213300defe98a3a052e311; vmhost10.SMK.DK - naa.600601600f213300defe98a3a052e311; vmhost12.SMK.DK - naa.600601600f213300defe98a3a052e311],04/15/2015 16:07:53,emc-ctl-0,A,66.159290,66.159290,0.000000,7.580452,7.580452,0.000000,57.658095,57.658095,0.000000,1.798845,1.798845,0.000000,131.472470,131.472470,0.000000,0.147934,0.147934,0.000000,27.563069,27.563069,0.000000,5.495934,5.495934,0.000000,1.650911,1.650911,0.000000,13.419427,13.419427,0.000000,125.976536,125.976536,0.000000,,,,,,,,,,,,,,,,11.457880,11.457880,0.000000,,5.032178,5.032178,0.000000,,,,,,,,,,,,,,,,,,,,,,,,,,,,,,,,,,,,,,,,,,,,,,,,,,,,,,,,,0,0,0,0,0,0,,,,,,,,
VMware-Data-Lun11 [11; vmhost11.SMK.DK - naa.600601600f213300defe98a3a052e311; vmhost10.SMK.DK - naa.600601600f213300defe98a3a052e311; vmhost12.SMK.DK - naa.600601600f213300defe98a3a052e311],04/15/2015 16:12:53,emc-ctl-0,A,68.338040,68.338040,0.000000,7.501314,7.501314,0.000000,54.887930,54.887930,0.000000,2.096461,2.096461,0.000000,136.666005,136.666005,0.000000,0.108903,0.108903,0.000000,22.509018,22.509018,0.000000,4.954329,4.954329,0.000000,1.987558,1.987558,0.000000,15.452385,15.452385,0.000000,131.711676,131.711676,0.000000,,,,,,,,,,,,,,,,10.976777,10.976777,0.000000,,5.000369,5.000369,0.000000,,,,,,,,,,,,,,,,,,,,,,,,,,,,,,,,,,,,,,,,,,,,,,,,,,,,,,,,,0,0,0,0,0,0,,,,,,,,
VMware-Data-Lun11 [11; vmhost11.SMK.DK - naa.600601600f213300defe98a3a052e311; vmhost10.SMK.DK - naa.600601600f213300defe98a3a052e311; vmhost12.SMK.DK - naa.600601600f213300defe98a3a052e311],04/15/2015 16:17:53,emc-ctl-0,A,71.243745,71.243745,0.000000,7.464178,7.464178,0.000000,54.268341,54.268341,0.000000,2.015602,2.015602,0.000000,137.542031,137.542031,0.000000,0.098618,0.098618,0.000000,24.476773,24.476773,0.000000,4.125757,4.125757,0.000000,1.916983,1.916983,0.000000,14.713279,14.713279,0.000000,133.416274,133.416274,0.000000,,,,,,,,,,,,,,,,10.476959,10.476959,0.000000,,5.179780,5.179780,0.000000,,,,,,,,,,,,,,,,,,,,,,,,,,,,,,,,,,,,,,,,,,,,,,,,,,,,,,,,,0,0,0,0,0,0,,,,,,,,
VMware-Data-Lun11 [11; vmhost11.SMK.DK - naa.600601600f213300defe98a3a052e311; vmhost10.SMK.DK - naa.600601600f213300defe98a3a052e311; vmhost12.SMK.DK - naa.600601600f213300defe98a3a052e311],04/15/2015 16:22:53,emc-ctl-0,A,80.064296,80.064296,0.000000,7.765506,7.765506,0.000000,52.259129,52.259129,0.000000,2.010468,2.010468,0.000000,148.596170,148.596170,0.000000,0.323469,0.323469,0.000000,32.479589,32.479589,0.000000,10.198168,10.198168,0.000000,1.686999,1.686999,0.000000,12.482023,12.482023,0.000000,138.398002,138.398002,0.000000,,,,,,,,,,,,,,,,9.699088,9.699088,0.000000,,5.388046,5.388046,0.000000,,,,,,,,,,,,,,,,,,,,,,,,,,,,,,,,,,,,,,,,,,,,,,,,,,,,,,,,,0,0,0,0,0,0,,,,,,,,
VMware-Data-Lun11 [11; vmhost11.SMK.DK - naa.600601600f213300defe98a3a052e311; vmhost10.SMK.DK - naa.600601600f213300defe98a3a052e311; vmhost12.SMK.DK - naa.600601600f213300defe98a3a052e311],04/15/2015 16:27:53,emc-ctl-0,A,75.300588,75.300588,0.000000,8.199669,8.199669,0.000000,64.687847,64.687847,0.000000,1.722926,1.722926,0.000000,126.757490,126.757490,0.000000,0.189658,0.189658,0.000000,32.449171,32.449171,0.000000,5.985054,5.985054,0.000000,1.533268,1.533268,0.000000,13.000205,13.000205,0.000000,120.772436,120.772436,0.000000,,,,,,,,,,,,,,,,10.889250,10.889250,0.000000,,5.940524,5.940524,0.000000,,,,,,,,,,,,,,,,,,,,,,,,,,,,,,,,,,,,,,,,,,,,,,,,,,,,,,,,,0,0,0,0,0,0,,,,,,,,
VMware-Data-Lun11 [11; vmhost11.SMK.DK - naa.600601600f213300defe98a3a052e311; vmhost10.SMK.DK - naa.600601600f213300defe98a3a052e311; vmhost12.SMK.DK - naa.600601600f213300defe98a3a052e311],04/15/2015 16:32:53,emc-ctl-0,A,78.582803,78.582803,0.000000,8.405606,8.405606,0.000000,55.483765,55.483765,0.000000,1.890690,1.890690,0.000000,151.496667,151.496667,0.000000,0.122035,0.122035,0.000000,9.016114,9.016114,0.000000,13.860000,13.860000,0.000000,1.768656,1.768656,0.000000,13.158582,13.158582,0.000000,137.636667,137.636667,0.000000,,,,,,,,,,,,,,,,10.696495,10.696495,0.000000,,5.187098,5.187098,0.000000,,,,,,,,,,,,,,,,,,,,,,,,,,,,,,,,,,,,,,,,,,,,,,,,,,,,,,,,,0,0,0,0,0,0,,,,,,,,
VMware-Data-Lun11 [11; vmhost11.SMK.DK - naa.600601600f213300defe98a3a052e311; vmhost10.SMK.DK - naa.600601600f213300defe98a3a052e311; vmhost12.SMK.DK - naa.600601600f213300defe98a3a052e311],04/15/2015 16:37:53,emc-ctl-0,A,74.546129,74.546129,0.000000,7.921785,7.921785,0.000000,66.027793,66.027793,0.000000,1.450475,1.450475,0.000000,119.976518,119.976518,0.000000,0.064579,0.064579,0.000000,15.163846,15.163846,0.000000,4.360953,4.360953,0.000000,1.385896,1.385896,0.000000,12.274801,12.274801,0.000000,115.615565,115.615565,0.000000,,,,,,,,,,,,,,,,10.626688,10.626688,0.000000,,6.213393,6.213393,0.000000,,,,,,,,,,,,,,,,,,,,,,,,,,,,,,,,,,,,,,,,,,,,,,,,,,,,,,,,,0,0,0,0,0,0,,,,,,,,
VMware-Data-Lun11 [11; vmhost11.SMK.DK - naa.600601600f213300defe98a3a052e311; vmhost10.SMK.DK - naa.600601600f213300defe98a3a052e311; vmhost12.SMK.DK - naa.600601600f213300defe98a3a052e311],04/15/2015 16:42:53,emc-ctl-0,A,78.749500,78.749500,0.000000,16.792777,16.792777,0.000000,101.226056,101.226056,0.000000,5.756240,5.756240,0.000000,165.893820,165.893820,0.000000,0.180806,0.180806,0.000000,18.671084,18.671084,0.000000,9.916173,9.916173,0.000000,5.575434,5.575434,0.000000,36.602964,36.602964,0.000000,155.977646,155.977646,0.000000,,,,,,,,,,,,,,,,21.324297,21.324297,0.000000,,4.746982,4.746982,0.000000,,,,,,,,,,,,,,,,,,,,,,,,,,,,,,,,,,,,,,,,,,,,,,,,,,,,,,,,,0,0,0,0,0,0,,,,,,,,
VMware-Data-Lun11 [11; vmhost11.SMK.DK - naa.600601600f213300defe98a3a052e311; vmhost10.SMK.DK - naa.600601600f213300defe98a3a052e311; vmhost12.SMK.DK - naa.600601600f213300defe98a3a052e311],04/15/2015 16:47:53,emc-ctl-0,A,75.472032,75.472032,0.000000,8.467495,8.467495,0.000000,69.641429,69.641429,0.000000,1.780706,1.780706,0.000000,121.587036,121.587036,0.000000,0.079288,0.079288,0.000000,13.878070,13.878070,0.000000,5.850317,5.850317,0.000000,1.701418,1.701418,0.000000,15.053580,15.053580,0.000000,115.736719,115.736719,0.000000,,,,,,,,,,,,,,,,11.219381,11.219381,0.000000,,6.207243,6.207243,0.000000,,,,,,,,,,,,,,,,,,,,,,,,,,,,,,,,,,,,,,,,,,,,,,,,,,,,,,,,,0,0,0,0,0,0,,,,,,,,
VMware-Data-Lun11 [11; vmhost11.SMK.DK - naa.600601600f213300defe98a3a052e311; vmhost10.SMK.DK - naa.600601600f213300defe98a3a052e311; vmhost12.SMK.DK - naa.600601600f213300defe98a3a052e311],04/15/2015 16:52:53,emc-ctl-0,A,80.870064,80.870064,0.000000,7.783462,7.783462,0.000000,50.099752,50.099752,0.000000,2.393319,2.393319,0.000000,155.359285,155.359285,0.000000,0.347157,0.347157,0.000000,12.235976,12.235976,0.000000,29.052793,29.052793,0.000000,2.046161,2.046161,0.000000,16.588767,16.588767,0.000000,126.306492,126.306492,0.000000,,,,,,,,,,,,,,,,9.624651,9.624651,0.000000,,5.205358,5.205358,0.000000,,,,,,,,,,,,,,,,,,,,,,,,,,,,,,,,,,,,,,,,,,,,,,,,,,,,,,,,,0,0,0,0,0,0,,,,,,,,
VMware-Data-Lun11 [11; vmhost11.SMK.DK - naa.600601600f213300defe98a3a052e311; vmhost10.SMK.DK - naa.600601600f213300defe98a3a052e311; vmhost12.SMK.DK - naa.600601600f213300defe98a3a052e311],04/15/2015 16:57:53,emc-ctl-0,A,84.630753,84.630753,0.000000,9.329946,9.329946,0.000000,55.052478,55.052478,0.000000,2.418596,2.418596,0.000000,169.473684,169.473684,0.000000,0.983487,0.983487,0.000000,22.977268,22.977268,0.000000,43.829858,43.829858,0.000000,1.435109,1.435109,0.000000,11.696169,11.696169,0.000000,125.643826,125.643826,0.000000,,,,,,,,,,,,,,,,11.024298,11.024298,0.000000,,4.993740,4.993740,0.000000,,,,,,,,,,,,,,,,,,,,,,,,,,,,,,,,,,,,,,,,,,,,,,,,,,,,,,,,,0,0,0,0,0,0,,,,,,,,
VMware-Data-Lun11 [11; vmhost11.SMK.DK - naa.600601600f213300defe98a3a052e311; vmhost10.SMK.DK - naa.600601600f213300defe98a3a052e311; vmhost12.SMK.DK - naa.600601600f213300defe98a3a052e311],04/15/2015 17:02:53,emc-ctl-0,A,79.252965,79.252965,0.000000,15.639056,15.639056,0.000000,93.544003,93.544003,0.000000,4.542240,4.542240,0.000000,167.183946,167.183946,0.000000,0.408984,0.408984,0.000000,27.539257,27.539257,0.000000,15.207358,15.207358,0.000000,4.133257,4.133257,0.000000,27.849387,27.849387,0.000000,151.976589,151.976589,0.000000,,,,,,,,,,,,,,,,19.733086,19.733086,0.000000,,4.740465,4.740465,0.000000,,,,,,,,,,,,,,,,,,,,,,,,,,,,,,,,,,,,,,,,,,,,,,,,,,,,,,,,,0,0,0,0,0,0,,,,,,,,
VMware-Data-Lun11 [11; vmhost11.SMK.DK - naa.600601600f213300defe98a3a052e311; vmhost10.SMK.DK - naa.600601600f213300defe98a3a052e311; vmhost12.SMK.DK - naa.600601600f213300defe98a3a052e311],04/15/2015 17:07:53,emc-ctl-0,A,78.376204,78.376204,0.000000,6.319263,6.319263,0.000000,33.521601,33.521601,0.000000,4.479004,4.479004,0.000000,188.513153,188.513153,0.000000,0.475732,0.475732,0.000000,16.685399,16.685399,0.000000,29.196154,29.196154,0.000000,4.003272,4.003272,0.000000,25.730781,25.730781,0.000000,159.316998,159.316998,0.000000,,,,,,,,,,,,,,,,8.062731,8.062731,0.000000,,4.157599,4.157599,0.000000,,,,,,,,,,,,,,,,,,,,,,,,,,,,,,,,,,,,,,,,,,,,,,,,,,,,,,,,,0,0,0,0,0,0,,,,,,,,
VMware-Data-Lun11 [11; vmhost11.SMK.DK - naa.600601600f213300defe98a3a052e311; vmhost10.SMK.DK - naa.600601600f213300defe98a3a052e311; vmhost12.SMK.DK - naa.600601600f213300defe98a3a052e311],04/15/2015 17:12:53,emc-ctl-0,A,77.335058,77.335058,0.000000,8.683594,8.683594,0.000000,68.887740,68.887740,0.000000,1.730595,1.730595,0.000000,126.054267,126.054267,0.000000,0.169533,0.169533,0.000000,32.694777,32.694777,0.000000,5.309764,5.309764,0.000000,1.561063,1.561063,0.000000,13.238930,13.238930,0.000000,120.744503,120.744503,0.000000,,,,,,,,,,,,,,,,11.228534,11.228534,0.000000,,6.135061,6.135061,0.000000,,,,,,,,,,,,,,,,,,,,,,,,,,,,,,,,,,,,,,,,,,,,,,,,,,,,,,,,,0,0,0,0,0,0,,,,,,,,
VMware-Data-Lun11 [11; vmhost11.SMK.DK - naa.600601600f213300defe98a3a052e311; vmhost10.SMK.DK - naa.600601600f213300defe98a3a052e311; vmhost12.SMK.DK - naa.600601600f213300defe98a3a052e311],04/15/2015 17:17:53,emc-ctl-0,A,85.765330,85.765330,0.000000,7.747161,7.747161,0.000000,42.447384,42.447384,0.000000,5.428749,5.428749,0.000000,182.512093,182.512093,0.000000,3.310120,3.310120,0.000000,65.259265,65.259265,0.000000,51.939950,51.939950,0.000000,2.118629,2.118629,0.000000,16.615154,16.615154,0.000000,130.572143,130.572143,0.000000,,,,,,,,,,,,,,,,9.032975,9.032975,0.000000,,4.699159,4.699159,0.000000,,,,,,,,,,,,,,,,,,,,,,,,,,,,,,,,,,,,,,,,,,,,,,,,,,,,,,,,,0,0,0,0,0,0,,,,,,,,
VMware-Data-Lun11 [11; vmhost11.SMK.DK - naa.600601600f213300defe98a3a052e311; vmhost10.SMK.DK - naa.600601600f213300defe98a3a052e311; vmhost12.SMK.DK - naa.600601600f213300defe98a3a052e311],04/15/2015 17:22:53,emc-ctl-0,A,79.147709,79.147709,0.000000,8.353599,8.353599,0.000000,55.792098,55.792098,0.000000,2.488237,2.488237,0.000000,149.727285,149.727285,0.000000,0.462578,0.462578,0.000000,60.658433,60.658433,0.000000,7.808966,7.808966,0.000000,2.025659,2.025659,0.000000,14.615978,14.615978,0.000000,141.918318,141.918318,0.000000,,,,,,,,,,,,,,,,10.554442,10.554442,0.000000,,5.286125,5.286125,0.000000,,,,,,,,,,,,,,,,,,,,,,,,,,,,,,,,,,,,,,,,,,,,,,,,,,,,,,,,,0,0,0,0,0,0,,,,,,,,
VMware-Data-Lun11 [11; vmhost11.SMK.DK - naa.600601600f213300defe98a3a052e311; vmhost10.SMK.DK - naa.600601600f213300defe98a3a052e311; vmhost12.SMK.DK - naa.600601600f213300defe98a3a052e311],04/15/2015 17:27:53,emc-ctl-0,A,78.833192,78.833192,0.000000,7.655420,7.655420,0.000000,42.961082,42.961082,0.000000,3.422524,3.422524,0.000000,178.194310,178.194310,0.000000,1.809912,1.809912,0.000000,34.154272,34.154272,0.000000,54.264083,54.264083,0.000000,1.612611,1.612611,0.000000,13.324547,13.324547,0.000000,123.930227,123.930227,0.000000,,,,,,,,,,,,,,,,9.710910,9.710910,0.000000,,4.424002,4.424002,0.000000,,,,,,,,,,,,,,,,,,,,,,,,,,,,,,,,,,,,,,,,,,,,,,,,,,,,,,,,,0,0,0,0,0,0,,,,,,,,
VMware-Data-Lun11 [11; vmhost11.SMK.DK - naa.600601600f213300defe98a3a052e311; vmhost10.SMK.DK - naa.600601600f213300defe98a3a052e311; vmhost12.SMK.DK - naa.600601600f213300defe98a3a052e311],04/15/2015 17:32:53,emc-ctl-0,A,77.548459,77.548459,0.000000,7.131993,7.131993,0.000000,42.273950,42.273950,0.000000,4.017167,4.017167,0.000000,168.708935,168.708935,0.000000,0.176562,0.176562,0.000000,25.366869,25.366869,0.000000,7.127372,7.127372,0.000000,3.840606,3.840606,0.000000,24.339288,24.339288,0.000000,161.581563,161.581563,0.000000,,,,,,,,,,,,,,,,9.196821,9.196821,0.000000,,4.596583,4.596583,0.000000,,,,,,,,,,,,,,,,,,,,,,,,,,,,,,,,,,,,,,,,,,,,,,,,,,,,,,,,,0,0,0,0,0,0,,,,,,,,
VMware-Data-Lun11 [11; vmhost11.SMK.DK - naa.600601600f213300defe98a3a052e311; vmhost10.SMK.DK - naa.600601600f213300defe98a3a052e311; vmhost12.SMK.DK - naa.600601600f213300defe98a3a052e311],04/15/2015 17:37:53,emc-ctl-0,A,76.825534,76.825534,0.000000,8.621460,8.621460,0.000000,73.330870,73.330870,0.000000,1.505341,1.505341,0.000000,117.569313,117.569313,0.000000,0.066547,0.066547,0.000000,17.478335,17.478335,0.000000,3.898771,3.898771,0.000000,1.438794,1.438794,0.000000,12.961359,12.961359,0.000000,113.670542,113.670542,0.000000,,,,,,,,,,,,,,,,11.222128,11.222128,0.000000,,6.534489,6.534489,0.000000,,,,,,,,,,,,,,,,,,,,,,,,,,,,,,,,,,,,,,,,,,,,,,,,,,,,,,,,,0,0,0,0,0,0,,,,,,,,
VMware-Data-Lun11 [11; vmhost11.SMK.DK - naa.600601600f213300defe98a3a052e311; vmhost10.SMK.DK - naa.600601600f213300defe98a3a052e311; vmhost12.SMK.DK - naa.600601600f213300defe98a3a052e311],04/15/2015 17:42:53,emc-ctl-0,A,72.983647,72.983647,0.000000,8.227704,8.227704,0.000000,74.783142,74.783142,0.000000,1.311484,1.311484,0.000000,110.020834,110.020834,0.000000,0.052375,0.052375,0.000000,17.763575,17.763575,0.000000,3.019229,3.019229,0.000000,1.259108,1.259108,0.000000,12.049603,12.049603,0.000000,107.001605,107.001605,0.000000,,,,,,,,,,,,,,,,11.273352,11.273352,0.000000,,6.633621,6.633621,0.000000,,,,,,,,,,,,,,,,,,,,,,,,,,,,,,,,,,,,,,,,,,,,,,,,,,,,,,,,,0,0,0,0,0,0,,,,,,,,
